customer_id,customer_name,email,signup_date
1,Mark Bass,mario12@example.com,2025-12-31
2,James Kelly,ytodd@example.org,2026-05-09
3,Rebecca Alexander,paul71@example.net,2023-10-20
4,Laura Le,paulmatthew@example.net,2023-10-30
5,Derek Carey,mark57@example.net,2025-08-22
6,Donald Cox,rnixon@example.net,2024-06-23
7,Joseph Smith,aleonard@example.net,2024-12-27
8,Lucas Woodard,zoconnor@example.org,2025-12-07
9,Joanna Sanchez,cgillespie@example.com,2025-07-09
10,Marie Murphy,markpope@example.org,2025-03-31
11,Rebecca Estrada,uparker@example.com,2024-10-02
12,Douglas Steele,savagedavid@example.org,2024-06-26
13,Nathan Delgado,karensmith@example.net,2023-11-18
14,Monica Carter,scott02@example.org,2024-07-26
15,Desiree Ferrell,olsondaniel@example.org,2024-10-27
16,Julie Graham,damon36@example.net,2024-08-31
17,Alexa Hale,jmcmillan@example.net,2025-11-10
18,Scott Wilkinson,qavila@example.com,2024-08-11
19,Dakota Leach,nicholaswilliams@example.org,2024-01-28
20,Cheryl Garza,qflores@example.org,2026-02-21
21,Craig Gonzalez,james97@example.net,2024-03-25
22,Audrey Roach,pamela81@example.org,2026-05-26
23,Timothy Brown,smithrichard@example.net,2024-06-20
24,Anthony Wood,jennifer78@example.com,2023-08-26
25,Mrs. Stephanie Lindsey DDS,jennifer86@example.net,2024-01-28
26,Brandi Johnson,liupatrick@example.org,2025-02-17
27,Joseph Smith,denise60@example.org,2026-03-26
28,Patrick White,lori24@example.net,2025-03-08
29,Stephen Jones,lsims@example.org,2024-10-30
30,Christopher Wilcox,dorothygallagher@example.com,2025-05-15
31,Frank Vega,jeremiahfisher@example.com,2025-02-21
32,Michael Swanson,adam15@example.org,2024-02-19
33,Henry Rivera,thendricks@example.org,2025-04-02
34,Janet Suarez,hfoster@example.net,2024-12-04
35,Michael Hall,deanna28@example.com,2025-07-22
36,Lori Hickman,sydneyguzman@example.com,2024-09-18
37,Veronica Guzman,leonard82@example.com,2026-03-16
38,Donna King,april65@example.com,2026-01-13
39,Vanessa Villanueva,iwarner@example.com,2023-08-28
40,Emily Davis,matthewstevenson@example.com,2025-10-30
41,Andrew Diaz,amy52@example.com,2025-01-22
42,Christopher Whitehead,williamskevin@example.com,2025-08-17
43,Rebecca Sutton,fmiller@example.org,2025-08-30
44,Michelle Harris,trubio@example.com,2025-12-18
45,Sarah Francis,susan36@example.com,2023-08-07
46,Emily Vance,drodriguez@example.net,2025-05-19
47,Kenneth Fowler,thomasjeffrey@example.net,2026-01-10
48,Ryan Barker,nramos@example.org,2024-09-16
49,Jesse Smith,benjamin52@example.com,2025-04-27
50,Carl Taylor,taylor41@example.net,2024-05-10
51,Diane Scott,nfernandez@example.org,2026-04-17
52,Nicholas Stark,stevenroberts@example.org,2025-06-04
53,Cynthia Mclaughlin,mary41@example.com,2024-12-15
54,Justin Ballard,warnerjose@example.com,2024-09-09
55,Richard Coffey,sandratravis@example.net,2026-06-14
56,Dawn Manning,fosterkenneth@example.org,2025-08-07
57,James Anderson,gibsonsarah@example.org,2025-02-27
58,Patricia Brown,howardwilliam@example.net,2025-06-19
59,Jonathan Booker,vincentcheryl@example.org,2023-10-08
60,Tiffany Brewer,ggoodwin@example.org,2023-10-26
61,Christopher Liu,susancervantes@example.net,2025-05-23
62,Alejandro Robbins,armstronglauren@example.net,2024-10-20
63,David Carter,turnergregory@example.com,2026-04-16
64,Joshua Newton,sharonbaker@example.net,2025-01-23
65,Catherine Martin,wilsondestiny@example.com,2026-05-31
66,Alexander Johnston,stewartmichael@example.org,2025-06-03
67,Bobby Welch,rebeccataylor@example.net,2025-11-22
68,Amy Hamilton,pphillips@example.com,2025-07-21
69,Frank Proctor,danielmiller@example.com,2025-10-29
70,Mr. Chris Cole,linda74@example.com,2024-02-18
71,Pamela Burch,freemanryan@example.net,2024-08-25
72,Jacqueline Clark,riceerin@example.org,2026-03-23
73,Shannon Sanchez,hannahlee@example.net,2024-05-19
74,Christopher Ponce,cassandrawaters@example.com,2024-12-22
75,Amy Ali,johnnycampbell@example.org,2025-01-20
76,Brandy Lee,wilkersonstephen@example.com,2023-10-03
77,Ethan Perez,charles57@example.com,2024-03-15
78,Christina Butler,baileyjohn@example.com,2025-05-12
79,Daniel English,catherine03@example.org,2024-02-18
80,Kristen Campbell,shebert@example.com,2025-10-27
81,Kenneth Rose,pricevictoria@example.net,2024-05-26
82,Nicholas Browning,pamela16@example.com,2025-12-30
83,Chelsea Jones,walkerstephanie@example.org,2026-05-28
84,Allison Jones,edwin86@example.com,2025-04-18
85,Michelle Parrish,priddle@example.com,2025-07-12
86,Brandon Jones,patrickochoa@example.com,2025-06-19
87,Jeremy Patterson,wstrickland@example.org,2025-02-19
88,Frederick Singh,jeffreymckenzie@example.com,2025-07-15
89,Carl Mcdonald,lawrence27@example.net,2024-05-03
90,Elizabeth Clark,blackdebbie@example.com,2024-04-06
91,Dalton Scott,rboyd@example.org,2025-03-01
92,Jennifer Martin,omalone@example.net,2025-03-27
93,Julie Johnson,bryceschultz@example.com,2025-08-20
94,Carlos Wolfe,thomasmelissa@example.com,2024-02-26
95,Christine Morales,briananderson@example.net,2025-12-27
96,Evan Lewis,sharpkimberly@example.com,2023-12-02
97,John West PhD,guy32@example.net,2023-11-21
98,Joseph Chen,jonathanvargas@example.org,2024-05-12
99,Michelle Howard,duanesawyer@example.com,2025-09-26
100,Jessica Gardner,carneyadrian@example.org,2025-07-16
101,Maria Humphrey,powelltracy@example.com,2024-07-10
102,Rachael Mcgee,marisa15@example.com,2025-10-31
103,Cole Johnson,kanderson@example.org,2025-12-16
104,Rachel Tanner,bhill@example.org,2023-12-12
105,Laura Clark,michael85@example.org,2025-06-05
106,Rhonda Williams,pdaniels@example.net,2025-07-03
107,Angela Doyle DDS,ericmitchell@example.org,2024-12-27
108,Cathy Koch,ksmith@example.org,2025-12-16
109,Ashley Saunders,wardkatherine@example.com,2025-12-22
110,Judy French,brenda48@example.com,2023-08-10
111,Jesse Fields,ocharles@example.com,2023-12-18
112,Veronica Powell,kayla45@example.com,2024-06-11
113,Patricia Hughes,brandon95@example.net,2024-12-30
114,Terry Gonzales,saraphillips@example.com,2025-08-02
115,Carla Price,megan81@example.com,2023-08-18
116,Thomas Chapman,pricematthew@example.net,2025-09-07
117,Whitney Moreno,ymcmahon@example.net,2025-05-04
118,Catherine Perkins,riverajasmine@example.com,2025-01-08
119,Timothy Bell,henry76@example.org,2025-03-10
120,Regina Anderson,kelleymichael@example.com,2026-02-16
121,Travis Wilson,jerrybell@example.com,2024-08-11
122,Kenneth Guzman,clarkjohn@example.net,2026-04-09
123,Amanda Krueger,jonathonmiller@example.org,2023-08-07
124,Kathy Mitchell,connorgarcia@example.org,2024-10-21
125,Michelle Cook,patrick82@example.net,2023-09-20
126,Penny Conner,jessemitchell@example.net,2024-01-21
127,Damon Smith,collinsmax@example.net,2025-01-24
128,Mark Trujillo,sweeneyluke@example.com,2025-11-12
129,Glen Braun,suttonmatthew@example.org,2024-04-25
130,Miranda Bradley,alyssa63@example.net,2026-01-16
131,Tammy Munoz,rodney61@example.org,2024-07-23
132,Richard Galloway,careybrandon@example.com,2025-07-18
133,Veronica Johnson,colemankimberly@example.com,2023-12-30
134,Angela Mitchell,jessicamiller@example.net,2024-01-07
135,Jennifer Obrien,erin94@example.com,2024-12-30
136,Jessica Barron,seantaylor@example.net,2024-09-05
137,Cody Webb,martinjones@example.org,2025-09-30
138,Adam Hoover,ryan42@example.com,2025-07-28
139,James Martin,lawsonandrew@example.com,2024-06-10
140,Tony Watson,michael75@example.org,2025-08-01
141,Jamie Long,kylealvarez@example.com,2026-02-14
142,Eric Shea,perkinskathryn@example.org,2025-05-26
143,Andrea Delgado,bleblanc@example.com,2026-01-25
144,Paula Hardy,derekpierce@example.net,2026-06-06
145,Jeffrey Williams,meganmartin@example.org,2023-11-28
146,Brittany Rivera,mwu@example.org,2023-10-18
147,Mackenzie Rowe,james67@example.com,2024-11-26
148,Christopher Grimes,kreed@example.com,2026-04-13
149,Thomas Robinson,cartercole@example.org,2025-07-18
150,Karen Strickland,alexandrajackson@example.com,2025-06-07
151,Amy Reynolds,gamblejamie@example.net,2024-08-15
152,John Barnett,lisa68@example.net,2023-11-27
153,Peter Rasmussen,robertgibson@example.net,2024-04-23
154,Barbara Fitzpatrick,eacevedo@example.org,2024-04-17
155,Diana Bolton,sean98@example.org,2025-04-24
156,Daniel Rivas,wyattdavid@example.net,2025-07-21
157,Karen Gomez,jodi55@example.net,2025-05-19
158,Charles West,leslie49@example.org,2026-02-15
159,Michael Reid,timothy86@example.org,2025-03-23
160,Christopher Walker,dorseykristy@example.com,2025-05-26
161,Laura Kirby,adam35@example.net,2023-09-30
162,Megan Foster,claire32@example.com,2023-11-11
163,Tiffany Walker,wagnerdustin@example.org,2024-02-01
164,Scott York,crystalreilly@example.com,2025-04-03
165,Michael Jones,martinezsteven@example.org,2025-12-17
166,Brandon Marshall,christophermcdowell@example.org,2025-08-10
167,Steven Becker,angela92@example.org,2025-08-31
168,James Sutton,hjohnson@example.org,2023-12-28
169,Mrs. Jessica Perry,carpentererin@example.net,2023-11-17
170,Jessica Reed,melissa28@example.net,2025-07-18
171,John Thomas,tara65@example.com,2025-11-21
172,Misty Mcintyre,gmitchell@example.org,2024-03-07
173,Becky Clark,shannonyoung@example.com,2024-07-14
174,Dylan Brown,william74@example.com,2025-08-04
175,Whitney Castillo,mandrews@example.net,2024-02-28
176,Rebecca Duncan,schmittjudith@example.org,2024-09-06
177,Kimberly Morris,priceanita@example.org,2024-08-30
178,Robert Woods,soniakline@example.net,2024-08-07
179,Christina Young,sharon10@example.com,2024-06-29
180,Melissa Phillips,christie62@example.com,2024-07-30
181,Heather Hammond,margaret66@example.com,2024-07-02
182,Whitney Torres,jamiethompson@example.org,2024-05-12
183,Ronald Day DVM,lisabradley@example.com,2026-06-01
184,Robert Huber,drodriguez@example.org,2025-09-17
185,Ashley Wright,davisnicholas@example.org,2024-11-14
186,David Solis,icharles@example.org,2023-10-02
187,Kendra Horton MD,angelahayden@example.com,2025-04-11
188,Kendra Campbell,daniel30@example.com,2026-02-10
189,Sarah Lewis,bmerritt@example.net,2025-01-11
190,Michael Frey,griffinmiranda@example.com,2024-02-06
191,Thomas Gray,annsmith@example.net,2023-09-25
192,Amy Williams,ericbarber@example.net,2023-09-26
193,Shawn Anderson,jennifer20@example.net,2025-05-21
194,Jessica Frey,judith48@example.org,2026-02-13
195,Mark Merritt,gregoryjames@example.org,2024-05-22
196,Andrew Adams,brandy78@example.com,2025-08-13
197,Justin Christensen,jane68@example.org,2024-07-25
198,James Brooks,torresmary@example.net,2024-10-29
199,Jordan Mccullough,wangalec@example.net,2026-02-24
200,Tyler Ferguson,jacob86@example.net,2023-09-07
201,Brian Williams,huffbrian@example.net,2025-03-18
202,Christopher Macias,qparks@example.org,2024-03-09
203,Carol Cardenas,paulstevenson@example.net,2025-08-27
204,Krystal Davis,richardmorris@example.org,2025-07-03
205,Theresa Torres,cruzmelissa@example.org,2025-10-27
206,Michael Cohen,thomasmegan@example.net,2024-05-01
207,Kristin Kramer,sophiacisneros@example.org,2024-06-01
208,Michael Collins,mbutler@example.com,2023-12-20
209,Nathaniel Ramsey,patriciafoster@example.org,2023-12-15
210,Justin Lee,smithlisa@example.com,2025-12-19
211,Michelle Acevedo,jimenezlaura@example.com,2026-01-14
212,Donald Pratt,cooperstephanie@example.com,2025-03-13
213,Trevor Morgan,sbennett@example.org,2024-07-30
214,Erik Kaufman,morganjoseph@example.net,2026-04-30
215,Julie Vasquez,davecunningham@example.com,2025-09-27
216,Victoria Hale,jacob50@example.com,2024-07-04
217,Courtney Perkins,andreasparks@example.org,2025-07-15
218,Cody Rodriguez,rodriguezwilliam@example.org,2026-04-13
219,Roberto Wheeler,jennifer82@example.com,2025-03-12
220,Alexis Brady,matthew80@example.org,2025-09-08
221,Ashley White,ncuevas@example.org,2024-02-28
222,Christian Washington,davidswanson@example.net,2024-02-26
223,Leslie Miranda,ann10@example.org,2025-10-01
224,Mathew Gross,henrydixon@example.org,2023-10-10
225,Nicholas Hawkins,felicia67@example.com,2025-02-02
226,Mr. Charles Barber,sbecker@example.net,2025-03-30
227,Jim Byrd,nbailey@example.net,2025-01-21
228,Martin Nash,heather80@example.com,2026-04-28
229,Frank Patel,karen24@example.net,2025-11-06
230,Jose Wilson,alfredhendrix@example.net,2025-07-16
231,Elizabeth Edwards,lsmith@example.net,2024-03-03
232,Ronald Parrish,jordankaitlin@example.com,2026-02-22
233,Corey Davis,mprice@example.com,2024-05-08
234,Sean Thompson,nicholas52@example.net,2024-11-11
235,Vickie Abbott,janetreed@example.com,2023-11-08
236,Ashley Thomas,xwoodard@example.com,2023-08-12
237,Kenneth Warren,anthonypalmer@example.org,2025-10-24
238,Amanda Smith,xcook@example.org,2025-05-01
239,Mr. James Robbins DDS,fharris@example.org,2025-07-01
240,Mary Harvey,dawnholloway@example.com,2025-05-27
241,David Oliver,kararusso@example.net,2024-09-28
242,Mary Smith,elizabethchen@example.com,2025-01-30
243,Jason Robinson,pattersonjeremiah@example.com,2025-08-15
244,Christina Kelley,sethmoses@example.net,2024-11-02
245,Sean Jackson,smiller@example.org,2025-06-17
246,Charles Moore,uadams@example.com,2025-12-21
247,Cindy Kelley,david59@example.net,2026-06-12
248,Donna Garza,olong@example.net,2025-04-16
249,Matthew Wise,timothy58@example.net,2024-04-29
250,Gary White,deanmelinda@example.com,2026-03-11
251,Donald Wallace,chasejoshua@example.net,2026-04-19
252,Brandon Phillips,todd86@example.org,2026-01-21
253,Cynthia Curtis,tina55@example.com,2025-12-22
254,Louis Carpenter,owarren@example.com,2023-11-16
255,Karen Anderson,gamblepaul@example.com,2025-05-17
256,Joanna Calderon,olivialloyd@example.org,2026-01-26
257,Kimberly Callahan,matthewsjeffrey@example.net,2026-03-25
258,Kylie Powell MD,monicawilliams@example.net,2025-06-03
259,Eric Hardin,ithomas@example.com,2025-07-31
260,Becky Cantrell,ostout@example.org,2025-07-15
261,Kenneth Perez,jenniferbrown@example.net,2023-12-19
262,Briana Kim,jasmine25@example.net,2024-06-23
263,Charles Martin,woodalvin@example.com,2024-03-12
264,Cathy Noble,johnjones@example.com,2025-04-04
265,Andrew Sweeney,pauljacobs@example.net,2024-10-28
266,Daniel Church,cgoodwin@example.net,2024-07-28
267,Ashley Simmons,creynolds@example.net,2024-09-25
268,Christopher Patel,smithvalerie@example.net,2025-10-25
269,Isaac Cole,ericnelson@example.net,2025-04-17
270,Mark Ibarra,ufox@example.net,2025-01-06
271,Mariah Torres,kingtracey@example.org,2025-12-12
272,Karen Martinez,melissa03@example.net,2025-05-31
273,Harry Hernandez,cynthia45@example.com,2025-06-01
274,Gregory King,qwalton@example.com,2025-09-12
275,Craig Lopez,michellemorris@example.net,2025-03-24
276,Regina Moore,nancy21@example.com,2024-12-03
277,Ronald Hansen,patrickdiaz@example.net,2025-02-27
278,Timothy Welch,ncollins@example.net,2024-02-19
279,Walter Rice,smithmia@example.org,2026-01-15
280,Christopher Barajas,bondalex@example.com,2026-05-21
281,Lisa Montgomery,millsseth@example.net,2025-06-20
282,Jill Harrison,umorton@example.org,2024-07-29
283,Andrew Buchanan,vpeters@example.net,2025-03-23
284,Morgan Barnes,calvinholder@example.com,2025-07-10
285,Stephanie Brown,gwilliams@example.net,2024-02-02
286,Michael Price,parkerdavid@example.org,2026-02-26
287,Kevin Jacobson,jjacobs@example.net,2024-03-16
288,Jennifer Wilson,clintonking@example.net,2025-12-15
289,Kristen Delacruz,gonzalezdakota@example.org,2024-01-31
290,Joshua Ramirez,gmartinez@example.org,2024-05-15
291,Donald Larsen,trevorsalas@example.com,2025-04-13
292,Kristine Soto,williamsrobert@example.org,2024-08-27
293,Christopher Castillo Jr.,alexandercross@example.com,2024-04-24
294,Melissa Archer,btorres@example.org,2023-08-25
295,Joseph Gonzalez,millermichael@example.com,2024-02-04
296,Brianna Williams,shopkins@example.com,2024-06-07
297,Patricia Stone,cmack@example.net,2024-12-15
298,Mary Lyons,anita62@example.net,2024-08-09
299,Katelyn Davis,amanda23@example.net,2025-01-28
300,Doris Matthews,garyenglish@example.com,2025-06-28
301,Dustin Beard,gail91@example.org,2025-02-08
302,Kelly Ward,johnsonbrandy@example.org,2026-02-02
303,Megan Gibbs,ryanevan@example.org,2023-08-22
304,Heather Donovan,michaelharris@example.net,2025-05-18
305,Tonya White,ojones@example.org,2023-12-02
306,Christopher Graham,christian39@example.org,2024-05-22
307,Eric Walker,kevin68@example.org,2024-04-12
308,Nicole Sellers,barbaramorris@example.org,2025-01-27
309,Jade Brandt,sking@example.net,2024-01-18
310,Lisa Rowe,unavarro@example.net,2025-04-05
311,Mary Mendoza,felicia40@example.net,2024-09-30
312,Glen White,chavezmelissa@example.net,2025-08-21
313,Anna Kelly MD,ywilliams@example.net,2024-05-21
314,Matthew Foster,sabrina81@example.com,2024-02-28
315,Adrian Hansen,james60@example.net,2026-04-19
316,Jill Lane,gutierrezamy@example.net,2024-10-26
317,Karen Brooks,chelseadillon@example.com,2023-09-04
318,Katie Williams,ubrown@example.com,2025-12-31
319,Peter Williams,arnoldgregory@example.org,2024-03-25
320,Donna Johnson,brownlisa@example.com,2026-05-12
321,Miguel Moore,yfoley@example.net,2025-12-04
322,Anita Reed,cmitchell@example.org,2024-11-21
323,Dawn Wolfe,jmcdonald@example.com,2024-02-04
324,Jason Clark,iward@example.org,2025-02-02
325,Justin Morris,jenniferrodriguez@example.net,2024-04-19
326,Jacob Lewis,oliviagreen@example.com,2025-04-24
327,Cynthia Villarreal,gallegosrebecca@example.com,2025-03-04
328,Bryan Sheppard,jimmythomas@example.com,2023-11-19
329,Bradley Thomas,angelapineda@example.net,2023-12-19
330,Tommy Olsen,gregory55@example.org,2025-06-09
331,Calvin Sparks,morganmiguel@example.org,2024-05-26
332,Grant Ayers,jennifer68@example.org,2024-03-08
333,Sarah Evans MD,bradley21@example.net,2024-11-21
334,Mrs. Paula Newton,christopher21@example.com,2025-01-13
335,Nicole Boyd,ajones@example.org,2023-12-25
336,Robert Doyle,paul14@example.net,2025-09-22
337,Mark Wyatt,martha78@example.org,2024-01-31
338,Edward Taylor,matthew42@example.org,2025-01-05
339,Tara Dominguez,zgardner@example.net,2026-03-02
340,Jason Holland,daniellecole@example.com,2025-03-21
341,Gregg Ramos,ronald16@example.net,2024-12-14
342,Keith Johnson,aaronjohnson@example.org,2023-11-13
343,Jennifer Lee,mosleyjohn@example.org,2026-05-21
344,Cody Nunez,kellycarlson@example.org,2024-07-05
345,Jessica Wilson,logan02@example.org,2024-12-14
346,Meghan Park,zsmith@example.net,2024-09-08
347,Daniel Walters,bartondeanna@example.net,2025-05-19
348,Robert Rodriguez,raydiana@example.com,2023-09-17
349,Kelly Phillips,carterbrittany@example.com,2026-06-18
350,Kenneth Gregory,jonestaylor@example.com,2024-05-05
351,Margaret Weiss,rmalone@example.org,2024-02-06
352,Kathleen Davis,phunter@example.com,2025-04-01
353,Olivia Yang,dcolon@example.org,2023-12-06
354,Lorraine Gordon,matthew66@example.net,2024-06-04
355,Michelle Farmer,barrerarobert@example.com,2025-01-31
356,Jonathon Alvarez,matthewcollins@example.com,2025-09-08
357,Sheila Anderson,william59@example.net,2024-05-20
358,Anthony Wilcox,irichards@example.com,2025-12-06
359,Amanda Montgomery,ywhite@example.net,2025-09-20
360,Cynthia Hudson,gregory98@example.com,2023-08-30
361,April Lowe,heatherchan@example.net,2025-07-24
362,Teresa Nolan,vweaver@example.org,2023-12-12
363,Shawn Rose,jamie90@example.org,2024-12-02
364,Lisa Flowers,smithaustin@example.com,2026-01-06
365,Paul Fisher II,munoztina@example.org,2026-03-04
366,Jennifer Orr,shannonwilson@example.com,2026-01-21
367,David Hancock,aprilvincent@example.org,2026-04-23
368,Crystal Oliver,tyler42@example.org,2024-09-17
369,Evan Carlson,rkelley@example.com,2025-02-21
370,Matthew Evans,williamsgary@example.com,2025-11-09
371,Teresa Doyle,amy31@example.com,2026-05-04
372,Andrea Forbes,abishop@example.net,2024-05-25
373,Janice Carter,maryboyer@example.net,2025-11-30
374,Amber Myers,murphyrachel@example.org,2024-02-09
375,Judy Smith,lauramoreno@example.org,2024-10-26
376,Wanda Hernandez,santosevelyn@example.net,2023-11-06
377,Brianna Kelley,shepherdrachel@example.com,2023-12-01
378,Adam Jacobson,vegajennifer@example.com,2026-04-01
379,Patty White MD,jimenezjohn@example.net,2026-03-08
380,Tina Rogers,williamsjared@example.org,2024-09-15
381,Jermaine Roberts,erikawise@example.com,2025-03-03
382,Brooke Ruiz,michellehawkins@example.org,2023-11-19
383,Dennis Keller,stephanie21@example.com,2023-12-04
384,Elizabeth Moore,gbrown@example.net,2025-07-04
385,David Perez,thomas32@example.org,2024-03-24
386,Derek Kelly,gibbselijah@example.com,2024-01-20
387,Patrick Jordan,tmitchell@example.net,2025-09-15
388,Craig Brock,thunter@example.org,2024-12-08
389,Kayla Salas,qmason@example.org,2026-06-08
390,Rachel Moody,chelseyschultz@example.net,2024-08-08
391,Katrina Medina,velasquezkevin@example.com,2025-11-11
392,Steven Pennington,donald21@example.net,2026-03-03
393,Stephanie Parker,blakeandrew@example.com,2023-12-15
394,John Hernandez Jr.,daniellehernandez@example.org,2023-10-11
395,Kevin Johnson,downsvictoria@example.net,2023-12-29
396,Dale Logan,jonesmelissa@example.com,2023-09-30
397,Kelly Gray,pwood@example.org,2023-08-15
398,Craig Taylor,tammiethomas@example.net,2024-01-28
399,Julie Walker,ryan91@example.com,2026-05-27
400,Jason Glover,griffinjennifer@example.org,2026-05-22
401,Julia Harrison,francesjacobs@example.org,2026-06-28
402,Lori Macdonald,williamvaughn@example.net,2026-06-24
403,Tiffany Reed,elizabeth97@example.com,2026-01-27
404,Doris Bradley,terrytracy@example.com,2024-06-11
405,Robert Cook,daniel41@example.org,2025-10-02
406,Bryan Thompson,mharris@example.com,2025-06-29
407,Katelyn Ramirez,matthew15@example.org,2026-01-11
408,Patrick Cook,xgarcia@example.net,2025-12-05
409,Hannah Hall,brandon93@example.net,2026-04-05
410,Kyle Bailey,fitzgeralddarryl@example.org,2024-10-16
411,Heather Anderson,gregory52@example.com,2026-05-26
412,Heather Spencer,tammylewis@example.net,2026-03-04
413,Kylie Smith,danieljerry@example.com,2024-02-19
414,Lori Wilson,nealvincent@example.org,2023-12-12
415,Christopher Davidson,denniswolfe@example.com,2023-09-10
416,Christopher Cline,kimberly25@example.com,2024-12-25
417,Samuel Cox,ashley60@example.org,2025-10-10
418,Ethan Terrell,wheelerjeffrey@example.org,2026-05-19
419,Robert Zhang,garymorgan@example.com,2024-08-16
420,Kerry Harris,shannon94@example.net,2024-09-25
421,Ryan Barber,xrich@example.com,2024-03-17
422,Vincent Chang,theodore97@example.org,2024-01-05
423,Emily Carpenter,ryan85@example.com,2026-01-07
424,Kathy Wright,mark34@example.com,2024-04-19
425,Olivia Kramer,murphyrichard@example.net,2024-07-26
426,Mark Hunter,ekelley@example.net,2024-06-02
427,Jennifer Williams,lfuller@example.net,2026-05-28
428,Justin Ortiz,ymclaughlin@example.com,2023-10-24
429,Ryan Franco,emma52@example.com,2024-01-10
430,Barbara Alvarado,jamesperez@example.org,2026-06-28
431,Stephanie Underwood,aaron43@example.net,2025-10-07
432,Paul Garcia,clarkmichael@example.net,2024-05-10
433,Michael Robinson,erickent@example.com,2024-12-24
434,Joe Vazquez,cgarcia@example.com,2024-08-27
435,Christina Ellison,ccarroll@example.com,2025-02-07
436,Ashley Pierce,millersteven@example.net,2026-05-12
437,Kari Hayden,jacksonvanessa@example.com,2024-02-09
438,Stephanie Davis,cookethan@example.org,2026-05-31
439,Jennifer Brooks,alvareztina@example.org,2025-06-05
440,Matthew Cunningham,zbrown@example.com,2025-06-25
441,Brian Cole,brandonjones@example.org,2023-09-06
442,Tina Shannon,baileydeborah@example.org,2024-09-07
443,Scott Doyle,xbutler@example.org,2024-07-25
444,Joseph Curtis,emmajones@example.net,2024-01-17
445,Tristan Moore,bguzman@example.net,2025-09-15
446,Derrick Ortiz,robbinsallison@example.com,2025-02-16
447,Elizabeth House,kennethwilson@example.org,2024-04-06
448,Theresa Peterson,jerry29@example.org,2023-11-19
449,Cameron Campbell,andrew23@example.com,2024-02-29
450,Jason Cameron,ofarley@example.com,2024-10-10
451,Marvin Coleman,wclark@example.com,2024-06-27
452,Julia Douglas,heidi35@example.org,2025-09-01
453,Jason Mann,campbelljames@example.org,2025-06-05
454,John Ward,kmartin@example.org,2026-04-25
455,Jacob Summers,russellrichardson@example.org,2024-03-21
456,Amanda Ross,donaldmurphy@example.com,2026-03-01
457,Ernest Lee,uthompson@example.com,2026-03-07
458,Amy Bailey,franksmith@example.org,2023-11-07
459,Cheyenne Young,sarah51@example.com,2025-06-10
460,John Lee,michael92@example.org,2025-01-16
461,Bradley Baldwin,williamsfrank@example.net,2026-03-14
462,Joseph Graves,murphymanuel@example.org,2024-04-07
463,Daniel Hernandez,jade66@example.net,2024-06-25
464,Erica Moreno,brownkyle@example.net,2025-07-22
465,Tina Bradford,erikrobinson@example.org,2025-12-21
466,Brandon Stewart,brendaweiss@example.net,2025-04-05
467,Vanessa Bell,melissahale@example.org,2023-08-13
468,Sara Nguyen,pamelabird@example.net,2024-06-07
469,Chad Webb,tonyaellis@example.net,2024-10-07
470,John Adams,swalker@example.net,2023-08-24
471,Jennifer Mccullough,catherine00@example.org,2025-07-29
472,Christopher Sawyer,jeffrey41@example.com,2025-05-08
473,Morgan Edwards,katrinacox@example.net,2024-02-08
474,Sandra Roberts,deborahdunn@example.com,2026-04-30
475,Ruben Henderson,collinsjohn@example.net,2025-01-10
476,Joseph Conley,jle@example.net,2023-08-24
477,Terri Hill,michaela99@example.net,2024-11-16
478,John Perkins,jeffreybender@example.com,2026-01-21
479,Mr. Kenneth Ware,acasey@example.com,2023-10-20
480,Roberta Farrell,jesse23@example.org,2024-06-03
481,Daniel Griffith,watsoncurtis@example.com,2024-04-29
482,Kenneth Parker,herringlisa@example.org,2025-03-12
483,Billy Cross,harrismichael@example.net,2024-04-03
484,Wendy Young,kerryadams@example.net,2023-10-20
485,Justin Stevens,margarethernandez@example.net,2025-12-15
486,Ricardo Turner,kenneth19@example.com,2026-03-17
487,Nancy Savage,acastro@example.net,2025-02-04
488,Jeffrey Black,wendy56@example.org,2023-11-23
489,Christine Jackson,fperez@example.org,2025-06-15
490,Kaitlin Brown,jackortiz@example.com,2025-07-13
491,Elizabeth Mccarthy,mgarcia@example.com,2024-03-14
492,Amanda Duarte,juanmitchell@example.com,2025-05-17
493,Eric Cisneros,laurensimpson@example.com,2024-07-29
494,Paul Campbell,bensonclinton@example.com,2026-05-26
495,Natasha Johnson,angelahogan@example.org,2024-07-02
496,Regina Austin,clinetravis@example.com,2024-02-03
497,Ethan Rodriguez,camposjoshua@example.net,2024-10-04
498,Victor Kirk,genewilkinson@example.org,2024-03-31
499,Michael Tanner,amayer@example.com,2026-05-10
500,Zachary Lopez,christine95@example.net,2023-09-14
